file,operation
conftest,_docdir
anytree.search,findall
anytree.search,findall_by_attr
anytree.search,find
anytree.search,find_by_attr
anytree.search,_find
anytree.search,_findall
anytree.search,_filter_by_name
anytree.render,get
anytree.render,get
anytree.render,_format_row_any
anytree.render,_is_last
anytree.resolver,_getattr
anytree.cachedsearch,_cache
anytree.cachedsearch,decorator
anytree.cachedsearch,wrapped
anytree.cachedsearch,findall
anytree.cachedsearch,findall_by_attr
anytree.cachedsearch,find
anytree.cachedsearch,find_by_attr
anytreenode.util,_repr
anytreeutil.__init__,commonancestors
anytreeutil.__init__,leftsibling
anytreeutil.__init__,rightsibling
anytreetests.test_dictexporter,test_dict_exporter
anytreetests.test_dictexporter,test_dict_exporter_node
anytreetests.test_dictexporter,test_dict_exporter_filter
anytreetests.test_dictexporter,test_dict_exporter_mixin
anytreetests.test_render,test_render_str
anytreetests.test_render,test_render_repr
anytreetests.test_render,test_render
anytreetests.test_render,multi
anytreetests.test_render,test_maxlevel
anytreetests.test_render,test_asciistyle
anytreetests.test_render,test_contstyle
anytreetests.test_render,test_controundstyle
anytreetests.test_render,test_doublestyle
anytreetests.test_render,test_by_attr
anytreetests.test_render,test_repr
anytreetests.test_search,test_findall
anytreetests.test_search,test_findall_by_attr
anytreetests.test_search,test_find
anytreetests.test_search,test_find_by_attr
anytreetests.test_search,test_enum
anytreetests.test_cachedsearch,test_findall
anytreetests.test_cachedsearch,test_findall_by_attr
anytreetests.test_cachedsearch,test_find
anytreetests.test_cachedsearch,test_find_by_attr
anytreetests.test_special_methods_access,prevent_access
anytreetests.test_walker,test_walker
anytreetests.test_dotexport,test_tree1
anytreetests.test_dotexport,test_tree2
anytreetests.test_dotexport,nodenamefunc
anytreetests.test_dotexport,edgeattrfunc
anytreetests.test_dotexport,test_tree_png
anytreetests.test_dictimporter,test_dict_importer
anytreetests.test_dictimporter,test_dict_importer_node
anytreetests.test_uniquedotexporter,root
anytreetests.test_uniquedotexporter,test_tree
anytreetests.test_uniquedotexporter,test_tree_custom
anytreetests.test_uniquedotexporter,nodenamefunc
anytreetests.test_uniquedotexporter,edgeattrfunc
anytreetests.test_uniquedotexporter,nodefunc
anytreetests.test_uniquedotexporter,edgefunc
anytreetests.test_uniquedotexporter,test_tree_filter
anytreetests.test_uniquedotexporter,test_tree_stop
anytreetests.test_uniquedotexporter,test_tree_maxlevel
anytreetests.test_uniquedotexporter,test_esc
anytreetests.test_node_integrity,test_readonly_pre
anytreetests.test_node_integrity,check
anytreetests.test_dotexporter,root
anytreetests.test_dotexporter,test_tree
anytreetests.test_dotexporter,test_tree_custom
anytreetests.test_dotexporter,nodenamefunc
anytreetests.test_dotexporter,edgeattrfunc
anytreetests.test_dotexporter,nodefunc
anytreetests.test_dotexporter,edgefunc
anytreetests.test_dotexporter,test_tree_filter
anytreetests.test_dotexporter,test_tree_stop
anytreetests.test_dotexporter,test_tree_maxlevel
anytreetests.test_dotexporter,test_esc
anytreetests.test_lightnode,test_parent_child
anytreetests.test_lightnode,test_detach_children
anytreetests.test_lightnode,test_children_setter
anytreetests.test_lightnode,test_children_setter_large
anytreetests.test_lightnode,test_node_children_multiple
anytreetests.test_lightnode,test_recursion_detection
anytreetests.test_lightnode,test_ancestors
anytreetests.test_lightnode,test_node_children_init
anytreetests.test_lightnode,test_descendants
anytreetests.test_lightnode,test_root
anytreetests.test_lightnode,test_siblings
anytreetests.test_lightnode,test_is_leaf
anytreetests.test_lightnode,test_leaves
anytreetests.test_lightnode,test_is_root
anytreetests.test_lightnode,test_height
anytreetests.test_lightnode,test_size
anytreetests.test_lightnode,test_depth
anytreetests.test_lightnode,test_parent
anytreetests.test_lightnode,test_pre_order_iter
anytreetests.test_lightnode,test_post_order_iter
anytreetests.test_lightnode,test_hookups
anytreetests.test_node_symlink,test_symlink
anytreetests.test_pickle,test_pickle
anytreetests.test_jsonexporter,test_json_exporter
anytreetests.test_mermaidexporter,root
anytreetests.test_mermaidexporter,test_tree
anytreetests.test_mermaidexporter,test_tree_custom
anytreetests.test_mermaidexporter,nodefunc
anytreetests.test_mermaidexporter,edgefunc
anytreetests.test_mermaidexporter,test_tree_filter
anytreetests.test_mermaidexporter,test_tree_stop
anytreetests.test_mermaidexporter,test_tree_maxlevel
anytreetests.test_iterators,test_preorder
anytreetests.test_iterators,test_postorder
anytreetests.test_iterators,test_levelorder
anytreetests.test_iterators,test_levelgrouporder
anytreetests.test_iterators,test_levelordergroup
anytreetests.test_iterators,test_zigzaggroup
anytreetests.test_resolver,test_get
anytreetests.test_resolver,test_get_relaxed
anytreetests.test_resolver,test_glob
anytreetests.test_resolver,test_glob_relaxed
anytreetests.test_resolver,test_glob_cache
anytreetests.test_resolver,test_same_name
anytreetests.test_resolver,test_ignorecase
anytreetests.test_resolver,test_enum
anytreetests.test_resolver,test_glob_consistency
anytreetests.test_resolver,test_glob_consistency_relax
anytreetests.test_node,test_node_parent_error
anytreetests.test_node,test_parent_child
anytreetests.test_node,test_detach_children
anytreetests.test_node,test_children_setter
anytreetests.test_node,test_children_setter_large
anytreetests.test_node,test_node_children_type
anytreetests.test_node,test_node_children_multiple
anytreetests.test_node,test_recursion_detection
anytreetests.test_node,test_repr
anytreetests.test_node,test_ancestors
anytreetests.test_node,test_node_children_init
anytreetests.test_node,test_anynode_children_init
anytreetests.test_node,test_descendants
anytreetests.test_node,test_root
anytreetests.test_node,test_siblings
anytreetests.test_node,test_is_leaf
anytreetests.test_node,test_leaves
anytreetests.test_node,test_is_root
anytreetests.test_node,test_height
anytreetests.test_node,test_size
anytreetests.test_node,test_depth
anytreetests.test_node,test_parent
anytreetests.test_node,test_pre_order_iter
anytreetests.test_node,test_post_order_iter
anytreetests.test_node,test_anyname
anytreetests.test_node,test_node_kwargs
anytreetests.test_node,test_hookups
anytreetests.test_node,test_any_node_parent_error
anytreetests.test_node,test_any_node
anytreetests.test_node,test_eq_overwrite
anytreetests.test_node,test_tuple
anytreetests.test_node,test_tuple_as_children
anytreetests.test_examples,test_stackoverflow
anytreetests.test_node_attach_detach,test_parent_child
anytreetests.test_node_attach_detach,test_detach_children
anytreetests.test_node_attach_detach,test_children_setter
anytreetests.helper,eq_
anytreetests.helper,assert_raises
anytreetests.test_jsonimporter,test_json_importer
anytreetests.test_util,test_commonancestors
anytreetests.test_util,test_leftsibling
anytreetests.test_util,test_rightsibling
anytreetests.test_node_sep,test_render
anytreetests.test_node_sep,test_get
anytreetests.test_node_sep,test_glob
anytree.iterators,PreOrderIter
config,ASSERTIONS
config,ASSERTIONS
anytree.exporter.dotexporter,DotExporter
anytree.iterators.preorderiter,PreOrderIter
config,ASSERTIONS
,search
fastcache,clru_cache
fastcache,_cache
functools,wraps
,cachedsearch
,util
iterators,LevelOrderGroupIter
iterators,LevelOrderIter
iterators,PostOrderIter
iterators,PreOrderIter
iterators,ZigZagGroupIter
node,AnyNode
node,LightNodeMixin
node,LoopError
node,Node
node,NodeMixin
node,SymlinkNode
node,SymlinkNodeMixin
node,TreeError
render,AbstractStyle
render,AsciiStyle
render,ContRoundStyle
render,ContStyle
render,DoubleStyle
render,RenderTree
resolver,ChildResolverError
resolver,Resolver
resolver,ResolverError
resolver,RootResolverError
search,CountError
search,find
search,find_by_attr
search,findall
search,findall_by_attr
walker,Walker
walker,WalkError
dictexporter,DictExporter
anytree,PreOrderIter
os,path
os,remove
subprocess,check_call
tempfile,NamedTemporaryFile
anytree,PreOrderIter
dictexporter,DictExporter
dotexporter,DotExporter
dotexporter,UniqueDotExporter
jsonexporter,JsonExporter
mermaidexporter,MermaidExporter
nodemixin,NodeMixin
anytree.config,ASSERTIONS
anytree.iterators,PreOrderIter
exceptions,LoopError
exceptions,TreeError
lightnodemixin,LightNodeMixin
nodemixin,NodeMixin
util,_repr
nodemixin,NodeMixin
util,_repr
anytree.config,ASSERTIONS
anytree.iterators,PreOrderIter
exceptions,LoopError
exceptions,TreeError
symlinknodemixin,SymlinkNodeMixin
util,_repr
anynode,AnyNode
exceptions,LoopError
exceptions,TreeError
lightnodemixin,LightNodeMixin
node,Node
nodemixin,NodeMixin
symlinknode,SymlinkNode
symlinknodemixin,SymlinkNodeMixin
abstractiter,AbstractIter
abstractiter,AbstractIter
abstractiter,AbstractIter
anytree.config,ASSERTIONS
abstractiter,AbstractIter
levelordergroupiter,LevelOrderGroupIter
abstractiter,AbstractIter
levelordergroupiter,LevelOrderGroupIter
levelorderiter,LevelOrderIter
postorderiter,PostOrderIter
preorderiter,PreOrderIter
zigzaggroupiter,ZigZagGroupIter
abstractiter,AbstractIter
anytree,AnyNode
anytree.config,ASSERTIONS
dictimporter,DictImporter
dictimporter,DictImporter
jsonimporter,JsonImporter
anytree,AnyNode
anytree,Node
anytree,NodeMixin
anytree.exporter,DictExporter
helper,eq_
enum,IntEnum
anytree,CountError
anytree,Node
anytree,find
anytree,find_by_attr
anytree,findall
anytree,findall_by_attr
helper,assert_raises
helper,eq_
anytree,CountError
anytree,Node
anytree.cachedsearch,find
anytree.cachedsearch,find_by_attr
anytree.cachedsearch,findall
anytree.cachedsearch,findall_by_attr
helper,assert_raises
helper,eq_
collections.abc,Mapping
anytree,NodeMixin
anytree,Node
anytree,Walker
anytree,WalkError
helper,assert_raises
helper,eq_
shutil,which
pytest,mark
test2ref,assert_refdata
anytree,Node
anytree.dotexport,RenderTreeGraph
copy,deepcopy
anytree,Node
anytree,RenderTree
anytree.exporter,DictExporter
anytree.importer,DictImporter
helper,eq_
pytest,fixture
test2ref,assert_refdata
anytree,Node
anytree.exporter,UniqueDotExporter
anytree,Node
helper,assert_raises
helper,eq_
pytest,fixture
test2ref,assert_refdata
anytree,Node
anytree.exporter,DotExporter
anytree,LightNodeMixin
anytree,LoopError
anytree,PostOrderIter
anytree,PreOrderIter
anytree,TreeError
helper,assert_raises
anytree,Node
anytree,PostOrderIter
anytree,PreOrderIter
anytree,SymlinkNode
helper,eq_
anytree,Node
anytree,RenderTree
anytree,SymlinkNode
tempfile,NamedTemporaryFile
anytree,AnyNode
anytree.exporter,JsonExporter
helper,eq_
pytest,fixture
test2ref,assert_refdata
anytree,Node
anytree.exporter,MermaidExporter
anytree,LevelGroupOrderIter
anytree,LevelOrderGroupIter
anytree,LevelOrderIter
anytree,Node
anytree,PostOrderIter
anytree,PreOrderIter
anytree,ZigZagGroupIter
helper,eq_
enum,IntEnum
pytest,raises
anytree,Node
anytree,Resolver
helper,assert_raises
anytree,AnyNode
anytree,LoopError
anytree,Node
anytree,NodeMixin
anytree,PostOrderIter
anytree,PreOrderIter
anytree,TreeError
helper,assert_raises
anytree,Node
anytree,RenderTree
helper,eq_
anytree,LoopError
anytree,Node
helper,assert_raises
contextlib,contextmanager
tempfile,NamedTemporaryFile
anytree.exporter,DictExporter
anytree.importer,JsonImporter
helper,eq_
anytree,Node
anytree.util,commonancestors
anytree.util,leftsibling
anytree.util,rightsibling
helper,eq_
helper,assert_raises
helper,eq_
anytree.search.CountError,CountError
anytree.render.AbstractStyle,AbstractStyle
anytree.render.AsciiStyle,AsciiStyle
anytree.render.ContStyle,ContStyle
anytree.render.ContRoundStyle,ContRoundStyle
anytree.render.DoubleStyle,DoubleStyle
anytree.render.RenderTree,RenderTree
anytree.walker.Walker,Walker
anytree.walker.WalkError,WalkError
anytree.dotexport.RenderTreeGraph,RenderTreeGraph
anytree.resolver.Resolver,Resolver
anytree.resolver.ResolverError,ResolverError
anytree.resolver.RootResolverError,RootResolverError
anytree.resolver.ChildResolverError,ChildResolverError
anytree.exporter.dictexporter.DictExporter,DictExporter
anytree.exporter.jsonexporter.JsonExporter,JsonExporter
anytree.exporter.mermaidexporter.MermaidExporter,MermaidExporter
anytree.exporter.dotexporter.DotExporter,DotExporter
anytree.exporter.dotexporter.UniqueDotExporter,UniqueDotExporter
anytreenode.exceptions.TreeError,TreeError
anytreenode.exceptions.LoopError,LoopError
anytreenode.symlinknodemixin.SymlinkNodeMixin,SymlinkNodeMixin
anytreenode.nodemixin.NodeMixin,NodeMixin
anytreenode.anynode.AnyNode,AnyNode
anytreenode.node.Node,Node
anytreenode.lightnodemixin.LightNodeMixin,LightNodeMixin
anytreenode.symlinknode.SymlinkNode,SymlinkNode
anytreeiterators.abstractiter.AbstractIter,AbstractIter
anytreeiterators.preorderiter.PreOrderIter,PreOrderIter
anytreeiterators.levelorderiter.LevelOrderIter,LevelOrderIter
anytreeiterators.levelordergroupiter.LevelOrderGroupIter,LevelOrderGroupIter
anytreeiterators.zigzaggroupiter.ZigZagGroupIter,ZigZagGroupIter
anytreeiterators.postorderiter.PostOrderIter,PostOrderIter
anytreeimporter.dictimporter.DictImporter,DictImporter
anytreeimporter.jsonimporter.JsonImporter,JsonImporter
anytreetests.test_dictexporter.MyClass,MyClass
anytreetests.test_render.ReprNode,ReprNode
anytreetests.test_resolver.Animals,Animals
anytreetests.test_node_sep.MyNode,MyNode
anytreetests.test_special_methods_access.TestConsistency,TestConsistency
anytreetests.test_special_methods_access.MyMapping,MyMapping
anytreetests.test_special_methods_access.TestMyMapping,TestMyMapping
anytreetests.test_node_integrity.ReadonlyError,ReadonlyError
anytreetests.test_node_integrity.ReadonlyNode,ReadonlyNode
anytreetests.test_lightnode.LightNode,LightNode
anytreetests.test_lightnode.MyLightNode,MyLightNode
anytreetests.test_node.EqOverwrittingNode,EqOverwrittingNode
anytreetests.test_node_attach_detach.TNode,TNode
