file,operation
adams_bashforth2.f.xml,ADAMS_BASHFORTH2
adams_bashforth3.f.xml,ADAMS_BASHFORTH3
add_walls2masks.f.xml,ADD_WALLS2MASKS
advect.f.xml,ADVECT
all_proc_die.f.xml,ALL_PROC_DIE
apply_forcing.f.xml,APPLY_FORCING_V
apply_forcing.f.xml,APPLY_FORCING_U
apply_forcing.f.xml,APPLY_FORCING_T
apply_forcing.f.xml,APPLY_FORCING_S
bar2.f.xml,BAR2
bar2.f.xml,BAR2_INIT
bar_check.f.xml,BAR_CHECK
barrier.f.xml,BARRIER_MU
barrier.f.xml,BARRIER_INIT
barrier.f.xml,BARRIER
barrier.f.xml,BARRIER_MS
cal_addtime.f.xml,CAL_ADDTIME
cal_checkdate.f.xml,CAL_CHECKDATE
cal_compdates.f.xml,cal_CompDates
cal_convdate.f.xml,CAL_CONVDATE
cal_copydate.f.xml,cal_CopyDate
cal_daysformonth.f.xml,cal_DaysForMonth
cal_dayspermonth.f.xml,cal_DaysPerMonth
cal_fulldate.f.xml,CAL_FULLDATE
cal_getdate.f.xml,CAL_GETDATE
cal_getmonthsrec.f.xml,cal_GetMonthsRec
cal_init_fixed.f.xml,CAL_INIT_FIXED
cal_intdays.f.xml,cal_IntDays
cal_intmonths.f.xml,cal_IntMonths
cal_intyears.f.xml,cal_IntYears
cal_isleap.f.xml,CAL_ISLEAP
cal_monthsforyear.f.xml,cal_MonthsForYear
cal_monthsperyear.f.xml,cal_MonthsPerYear
cal_numints.f.xml,cal_NumInts
cal_printdate.f.xml,cal_PrintDate
cal_printerror.f.xml,cal_PrintError
cal_readparms.f.xml,CAL_READPARMS
cal_set.f.xml,CAL_SET
cal_stepsforday.f.xml,cal_StepsForDay
cal_stepsperday.f.xml,cal_StepsPerDay
cal_subdates.f.xml,CAL_SUBDATES
cal_summary.f.xml,CAL_SUMMARY
cal_time2dump.f.xml,CAL_TIME2DUMP
cal_timeinterval.f.xml,CAL_TIMEINTERVAL
cal_timepassed.f.xml,CAL_TIMEPASSED
cal_timestamp.f.xml,cal_TimeStamp
cal_toseconds.f.xml,CAL_TOSECONDS
cal_weekday.f.xml,cal_WeekDay
calc_3d_diffusivity.f.xml,CALC_3D_DIFFUSIVITY
calc_adv_flow.f.xml,CALC_ADV_FLOW
calc_div_ghat.f.xml,CALC_DIV_GHAT
calc_eddy_stress.f.xml,CALC_EDDY_STRESS
calc_grad_phi_fv.f.xml,CALC_GRAD_PHI_FV
calc_grad_phi_hyd.f.xml,CALC_GRAD_PHI_HYD
calc_grad_phi_surf.f.xml,CALC_GRAD_PHI_SURF
calc_grid_angles.f.xml,CALC_GRID_ANGLES
calc_gw.f.xml,CALC_GW
calc_ivdc.f.xml,CALC_IVDC
calc_oce_mxlayer.f.xml,CALC_OCE_MXLAYER
calc_phi_hyd.f.xml,CALC_PHI_HYD
calc_r_star.f.xml,CALC_R_STAR
calc_surf_dr.f.xml,CALC_SURF_DR
calc_viscosity.f.xml,CALC_VISCOSITY
calc_wsurf_tr.f.xml,CALC_WSURF_TR
cg2d.f.xml,CG2D
cg2d_ex0.f.xml,CG2D_EX0
cg2d_nsa.f.xml,CG2D_NSA
cg2d_sr.f.xml,CG2D_SR
cg3d.f.xml,CG3D
cg3d_ex0.f.xml,CG3D_EX0
check_pickup.f.xml,CHECK_PICKUP
check_threads.f.xml,CHECK_THREADS
chksum_tiled.f.xml,CHKSUM_TILED
comm_stats.f.xml,COMM_STATS
config_check.f.xml,CONFIG_CHECK
config_summary.f.xml,CONFIG_SUMMARY
convective_adjustment.f.xml,CONVECTIVE_ADJUSTMENT
convective_adjustment_ini.f.xml,CONVECTIVE_ADJUSTMENT_INI
convective_weights.f.xml,CONVECTIVE_WEIGHTS
convectively_mixtracer.f.xml,CONVECTIVELY_MIXTRACER
correction_step.f.xml,CORRECTION_STEP
cost_ice_test.f.xml,cost_ice_test
cumulsum_z_tile.f.xml,CUMULSUM_Z_TILE_RL
cycle_ab_tracer.f.xml,CYCLE_AB_TRACER
cycle_tracer.f.xml,CYCLE_TRACER
debug_call.f.xml,DEBUG_CALL
debug_cs_corner_uv.f.xml,DEBUG_CS_CORNER_UV
debug_enter.f.xml,DEBUG_ENTER
debug_fld_stats_rl.f.xml,DEBUG_FLD_STATS_RL
debug_fld_stats_rs.f.xml,DEBUG_FLD_STATS_RS
debug_leave.f.xml,DEBUG_LEAVE
debug_msg.f.xml,DEBUG_MSG
debug_stats_rl.f.xml,DEBUG_STATS_RL
debug_stats_rs.f.xml,DEBUG_STATS_RS
diags_oceanic_surf_flux.f.xml,DIAGS_OCEANIC_SURF_FLUX
diags_phi_hyd.f.xml,DIAGS_PHI_HYD
diags_phi_rlow.f.xml,DIAGS_PHI_RLOW
diags_rho.f.xml,DIAGS_RHO_G
diags_rho.f.xml,DIAGS_RHO_L
diff_phase_multiple.f.xml,DIFF_PHASE_MULTIPLE
different_multiple.f.xml,DIFFERENT_MULTIPLE
diffus.f.xml,DIFFUS
do_atmospheric_phys.f.xml,DO_ATMOSPHERIC_PHYS
do_fields_blocking_exchanges.f.xml,DO_FIELDS_BLOCKING_EXCHANGES
do_oceanic_phys.f.xml,DO_OCEANIC_PHYS
do_stagger_fields_exchanges.f.xml,DO_STAGGER_FIELDS_EXCHANGES
do_statevars_diags.f.xml,DO_STATEVARS_DIAGS
do_statevars_tave.f.xml,DO_STATEVARS_TAVE
do_the_model_io.f.xml,DO_THE_MODEL_IO
do_write_pickup.f.xml,DO_WRITE_PICKUP
dynamics.f.xml,DYNAMICS
dynsolver.f.xml,DYNSOLVER
eeboot.f.xml,EEBOOT
eeboot_minimal.f.xml,EEBOOT_MINIMAL
eedata_example.f.xml,EEDATA_EXAMPLE
eedie.f.xml,EEDIE
eeintro_msg.f.xml,EEINTRO_MSG
eeset_parms.f.xml,EESET_PARMS
eewrite_eeenv.f.xml,EEWRITE_EEENV
exch0_r4.f.xml,EXCH0_R4
exch0_r4.f.xml,FILL_HALO_LOCAL_R4
exch0_r8.f.xml,EXCH0_R8
exch0_r8.f.xml,FILL_HALO_LOCAL_R8
exch0_rl.f.xml,EXCH0_RL
exch0_rl.f.xml,FILL_HALO_LOCAL_RL
exch0_rs.f.xml,EXCH0_RS
exch0_rs.f.xml,FILL_HALO_LOCAL_RS
exch1_bg_r4_cube.f.xml,EXCH1_BG_R4_CUBE
exch1_bg_r8_cube.f.xml,EXCH1_BG_R8_CUBE
exch1_bg_rl_cube.f.xml,EXCH1_BG_RL_CUBE
exch1_bg_rs_cube.f.xml,EXCH1_BG_RS_CUBE
exch1_r4.f.xml,EXCH1_R4
exch1_r4_cube.f.xml,EXCH1_R4_CUBE
exch1_r8.f.xml,EXCH1_R8
exch1_r8_cube.f.xml,EXCH1_R8_CUBE
exch1_rl.f.xml,EXCH1_RL
exch1_rl_ad.f.xml,EXCH1_RL_AD
exch1_rl_cube.f.xml,EXCH1_RL_CUBE
exch1_rl_cube_ad.f.xml,EXCH1_BG_RL_CUBE_AD
exch1_rl_cube_ad.f.xml,EXCH1_Z_RL_CUBE_AD
exch1_rl_cube_ad.f.xml,EXCH1_RL_CUBE_AD
exch1_rl_cube_ad.f.xml,EXCH1_UV_RL_CUBE_AD
exch1_rs.f.xml,EXCH1_RS
exch1_rs_ad.f.xml,EXCH1_RS_AD
exch1_rs_cube.f.xml,EXCH1_RS_CUBE
exch1_rs_cube_ad.f.xml,EXCH1_BG_RS_CUBE_AD
exch1_rs_cube_ad.f.xml,EXCH1_UV_RS_CUBE_AD
exch1_rs_cube_ad.f.xml,EXCH1_RS_CUBE_AD
exch1_rs_cube_ad.f.xml,EXCH1_Z_RS_CUBE_AD
exch1_uv_r4_cube.f.xml,EXCH1_UV_R4_CUBE
exch1_uv_r8_cube.f.xml,EXCH1_UV_R8_CUBE
exch1_uv_rl_cube.f.xml,EXCH1_UV_RL_CUBE
exch1_uv_rs_cube.f.xml,EXCH1_UV_RS_CUBE
exch1_z_r4_cube.f.xml,EXCH1_Z_R4_CUBE
exch1_z_r8_cube.f.xml,EXCH1_Z_R8_CUBE
exch1_z_rl_cube.f.xml,EXCH1_Z_RL_CUBE
exch1_z_rs_cube.f.xml,EXCH1_Z_RS_CUBE
exch_3d_r4.f.xml,EXCH_3D_R4
exch_3d_r8.f.xml,EXCH_3D_R8
exch_3d_rl.f.xml,EXCH_3D_RL
exch_3d_rs.f.xml,EXCH_3D_RS
exch_cycle_ebl.f.xml,EXCH_CYCLE_EBL
exch_init.f.xml,EXCH_INIT
exch_r4_recv_get_x.f.xml,EXCH_R4_RECV_GET_X
exch_r4_recv_get_y.f.xml,EXCH_R4_RECV_GET_Y
exch_r4_send_put_x.f.xml,EXCH_R4_SEND_PUT_X
exch_r4_send_put_y.f.xml,EXCH_R4_SEND_PUT_Y
exch_r8_recv_get_x.f.xml,EXCH_R8_RECV_GET_X
exch_r8_recv_get_y.f.xml,EXCH_R8_RECV_GET_Y
exch_r8_send_put_x.f.xml,EXCH_R8_SEND_PUT_X
exch_r8_send_put_y.f.xml,EXCH_R8_SEND_PUT_Y
exch_rl_recv_get_x.f.xml,EXCH_RL_RECV_GET_X
exch_rl_recv_get_y.f.xml,EXCH_RL_RECV_GET_Y
exch_rl_send_put_x.f.xml,EXCH_RL_SEND_PUT_X
exch_rl_send_put_y.f.xml,EXCH_RL_SEND_PUT_Y
exch_rs_recv_get_x.f.xml,EXCH_RS_RECV_GET_X
exch_rs_recv_get_y.f.xml,EXCH_RS_RECV_GET_Y
exch_rs_send_put_x.f.xml,EXCH_RS_SEND_PUT_X
exch_rs_send_put_y.f.xml,EXCH_RS_SEND_PUT_Y
exch_s3d_r4.f.xml,EXCH_S3D_R4
exch_s3d_r8.f.xml,EXCH_S3D_R8
exch_s3d_rl.f.xml,EXCH_S3D_RL
exch_s3d_rs.f.xml,EXCH_S3D_RS
exch_sm_3d_r4.f.xml,EXCH_SM_3D_R4
exch_sm_3d_r8.f.xml,EXCH_SM_3D_R8
exch_sm_3d_rl.f.xml,EXCH_SM_3D_RL
exch_sm_3d_rs.f.xml,EXCH_SM_3D_RS
exch_uv_3d_r4.f.xml,EXCH_UV_3D_R4
exch_uv_3d_r8.f.xml,EXCH_UV_3D_R8
exch_uv_3d_rl.f.xml,EXCH_UV_3D_RL
exch_uv_3d_rs.f.xml,EXCH_UV_3D_RS
exch_uv_agrid_3d_r4.f.xml,EXCH_UV_AGRID_3D_R4
exch_uv_agrid_3d_r8.f.xml,EXCH_UV_AGRID_3D_R8
exch_uv_agrid_3d_rl.f.xml,EXCH_UV_AGRID_3D_RL
exch_uv_agrid_3d_rs.f.xml,EXCH_UV_AGRID_3D_RS
exch_uv_bgrid_3d_r4.f.xml,EXCH_UV_BGRID_3D_R4
exch_uv_bgrid_3d_r8.f.xml,EXCH_UV_BGRID_3D_R8
exch_uv_bgrid_3d_rl.f.xml,EXCH_UV_BGRID_3D_RL
exch_uv_bgrid_3d_rs.f.xml,EXCH_UV_BGRID_3D_RS
exch_uv_dgrid_3d_r4.f.xml,EXCH_UV_DGRID_3D_R4
exch_uv_dgrid_3d_r8.f.xml,EXCH_UV_DGRID_3D_R8
exch_uv_dgrid_3d_rl.f.xml,EXCH_UV_DGRID_3D_RL
exch_uv_dgrid_3d_rs.f.xml,EXCH_UV_DGRID_3D_RS
exch_uv_xy_r4.f.xml,EXCH_UV_XY_R4
exch_uv_xy_r8.f.xml,EXCH_UV_XY_R8
exch_uv_xy_rl.f.xml,EXCH_UV_XY_RL
exch_uv_xy_rs.f.xml,EXCH_UV_XY_RS
exch_uv_xyz_r4.f.xml,EXCH_UV_XYZ_R4
exch_uv_xyz_r8.f.xml,EXCH_UV_XYZ_R8
exch_uv_xyz_rl.f.xml,EXCH_UV_XYZ_RL
exch_uv_xyz_rs.f.xml,EXCH_UV_XYZ_RS
exch_xy_r4.f.xml,EXCH_XY_R4
exch_xy_r8.f.xml,EXCH_XY_R8
exch_xy_rl.f.xml,EXCH_XY_RL
exch_xy_rs.f.xml,EXCH_XY_RS
exch_xyz_r4.f.xml,EXCH_XYZ_R4
exch_xyz_r8.f.xml,EXCH_XYZ_R8
exch_xyz_rl.f.xml,EXCH_XYZ_RL
exch_xyz_rs.f.xml,EXCH_XYZ_RS
exch_z_3d_r4.f.xml,EXCH_Z_3D_R4
exch_z_3d_r8.f.xml,EXCH_Z_3D_R8
exch_z_3d_rl.f.xml,EXCH_Z_3D_RL
exch_z_3d_rs.f.xml,EXCH_Z_3D_RS
exf_ad_dump.f.xml,EXF_AD_DUMP
exf_adjoint_snapshots.f.xml,EXF_ADJOINT_SNAPSHOTS
exf_adjoint_snapshots__g.f.xml,g_exf_adjoint_snapshots
exf_adjoint_snapshots_ad.f.xml,adexf_adjoint_snapshots
exf_bulkformulae.f.xml,EXF_BULKFORMULAE
exf_check.f.xml,EXF_CHECK_INTERP
exf_check.f.xml,EXF_CHECK
exf_check_range.f.xml,EXF_CHECK_RANGE
exf_diagnostics_fill.f.xml,EXF_DIAGNOSTICS_FILL
exf_diagnostics_init.f.xml,EXF_DIAGNOSTICS_INIT
exf_filter_rl.f.xml,EXF_FILTER_RL
exf_getclim.f.xml,EXF_GETCLIM
exf_getffield_start.f.xml,EXF_GETFFIELD_START
exf_getffieldrec.f.xml,EXF_GetFFieldRec
exf_getffields.f.xml,EXF_GETFFIELDS
exf_getfield_start.f.xml,EXF_GETFIELD_START
exf_getforcing.f.xml,EXF_GETFORCING
exf_getsurfacefluxes.f.xml,exf_GetSurfaceFluxes
exf_getyearlyfieldname.f.xml,exf_GetYearlyFieldName
exf_init_fixed.f.xml,EXF_INIT_FIXED
exf_init_fld.f.xml,EXF_INIT_FLD
exf_init_interp.f.xml,EXF_INIT_INTERP
exf_init_varia.f.xml,EXF_INIT_VARIA
exf_interp.f.xml,EXF_INTERP
exf_interp_read.f.xml,EXF_INTERP_READ
exf_interp_uv.f.xml,EXF_INTERP_UV
exf_interpolate.f.xml,EXF_INTERPOLATE
exf_interpolate.f.xml,LAGRAN
exf_mapfields.f.xml,EXF_MAPFIELDS
exf_monitor.f.xml,EXF_MONITOR
exf_monitor_ad.f.xml,ADEXF_MONITOR
exf_radiation.f.xml,EXF_RADIATION
exf_readparms.f.xml,EXF_READPARMS
exf_set_fld.f.xml,EXF_SET_FLD
exf_set_gen.f.xml,EXF_SET_GEN
exf_set_gen.f.xml,EXF_INIT_GEN
exf_set_obcs.f.xml,EXF_SET_OBCS_X
exf_set_obcs.f.xml,EXF_SET_OBCS_Y
exf_set_obcs.f.xml,EXF_SET_OBCS_YZ
exf_set_obcs.f.xml,EXF_SET_OBCS_XZ
exf_set_uv.f.xml,EXF_SET_UV
exf_summary.f.xml,EXF_SUMMARY
exf_summary.f.xml,EXF_FLD_SUMMARY
exf_swapffields.f.xml,EXF_SWAPFFIELDS
exf_swapffields.f.xml,EXF_SWAPFFIELDS_YZ
exf_swapffields.f.xml,EXF_SWAPFFIELDS_3D
exf_swapffields.f.xml,EXF_SWAPFFIELDS_XZ
exf_weight_sfx_diags.f.xml,EXF_WEIGHT_SFX_DIAGS
exf_wind.f.xml,EXF_WIND
exf_zenithangle.f.xml,EXF_ZENITHANGLE
exf_zenithangle_table.f.xml,EXF_ZENITHANGLE_TABLE
external_fields_load.f.xml,EXTERNAL_FIELDS_LOAD
external_forcing.f.xml,EXTERNAL_FORCING_U
external_forcing.f.xml,EXTERNAL_FORCING_V
external_forcing.f.xml,EXTERNAL_FORCING_S
external_forcing.f.xml,EXTERNAL_FORCING_T
external_forcing_surf.f.xml,EXTERNAL_FORCING_SURF
fill_cs_corner_ag_rl.f.xml,FILL_CS_CORNER_AG_RL
fill_cs_corner_tr_rl.f.xml,FILL_CS_CORNER_TR_RL
fill_cs_corner_uv_rl.f.xml,FILL_CS_CORNER_UV_RL
fill_cs_corner_uv_rs.f.xml,FILL_CS_CORNER_UV_RS
fill_in_corners_rl.f.xml,FILL_IN_CORNERS_RL
find_alpha.f.xml,FIND_BETA
find_alpha.f.xml,FIND_ALPHA
find_hyd_press_1d.f.xml,FIND_HYD_PRESS_1D
find_rho.f.xml,FIND_RHO_2D
find_rho.f.xml,FIND_RHO_SCALAR
find_rho.f.xml,FIND_RHODEN
find_rho.f.xml,FIND_BULKMOD
find_rho.f.xml,FIND_RHOTEOS
find_rho.f.xml,FIND_RHOP0
find_rho.f.xml,LOOK_FOR_NEG_SALINITY
find_rho.f.xml,FIND_RHONUM
fool_the_compiler.f.xml,FOOL_THE_COMPILER_RL
fool_the_compiler.f.xml,FOOL_THE_COMPILER_R8
fool_the_compiler.f.xml,FOOL_THE_COMPILER
forcing_surf_relax.f.xml,FORCING_SURF_RELAX
forward_step.f.xml,FORWARD_STEP
freesurf_rescale_g.f.xml,FREESURF_RESCALE_G
freeze_surface.f.xml,FREEZE_SURFACE
gad_advection.f.xml,GAD_ADVECTION
gad_advscheme.f.xml,GAD_ADVSCHEME_INIT
gad_advscheme.f.xml,GAD_ADVSCHEME_GET
gad_advscheme.f.xml,GAD_ADVSCHEME_SET
gad_biharm_r.f.xml,GAD_BIHARM_R
gad_biharm_x.f.xml,GAD_BIHARM_X
gad_biharm_y.f.xml,GAD_BIHARM_Y
gad_c2_adv_r.f.xml,GAD_C2_ADV_R
gad_c2_adv_x.f.xml,GAD_C2_ADV_X
gad_c2_adv_y.f.xml,GAD_C2_ADV_Y
gad_c2_impl_r.f.xml,GAD_C2_IMPL_R
gad_c4_adv_r.f.xml,GAD_C4_ADV_R
gad_c4_adv_x.f.xml,GAD_C4_ADV_X
gad_c4_adv_y.f.xml,GAD_C4_ADV_Y
gad_calc_rhs.f.xml,GAD_CALC_RHS
gad_check.f.xml,GAD_CHECK
gad_del2.f.xml,GAD_DEL2
gad_diagnostics_init.f.xml,GAD_DIAG_SUFX
gad_diagnostics_init.f.xml,GAD_DIAGNOSTICS_INIT
gad_diagnostics_state.f.xml,GAD_DIAGNOSTICS_STATE
gad_diff_r.f.xml,GAD_DIFF_R
gad_diff_x.f.xml,GAD_DIFF_X
gad_diff_y.f.xml,GAD_DIFF_Y
gad_dst2u1_adv_r.f.xml,GAD_DST2U1_ADV_R
gad_dst2u1_adv_x.f.xml,GAD_DST2U1_ADV_X
gad_dst2u1_adv_y.f.xml,GAD_DST2U1_ADV_Y
gad_dst2u1_impl_r.f.xml,GAD_DST2U1_IMPL_R
gad_dst3_adv_r.f.xml,GAD_DST3_ADV_R
gad_dst3_adv_x.f.xml,GAD_DST3_ADV_X
gad_dst3_adv_y.f.xml,GAD_DST3_ADV_Y
gad_dst3fl_adv_r.f.xml,GAD_DST3FL_ADV_R
gad_dst3fl_adv_x.f.xml,GAD_DST3FL_ADV_X
gad_dst3fl_adv_y.f.xml,GAD_DST3FL_ADV_Y
gad_dst3fl_impl_r.f.xml,GAD_DST3FL_IMPL_R
gad_exch_som.f.xml,GAD_EXCH_SOM
gad_fluxlimit_adv_r.f.xml,GAD_FLUXLIMIT_ADV_R
gad_fluxlimit_adv_x.f.xml,GAD_FLUXLIMIT_ADV_X
gad_fluxlimit_adv_y.f.xml,GAD_FLUXLIMIT_ADV_Y
gad_fluxlimit_impl_r.f.xml,GAD_FLUXLIMIT_IMPL_R
gad_grad_x.f.xml,GAD_GRAD_X
gad_grad_y.f.xml,GAD_GRAD_Y
gad_implicit_r.f.xml,GAD_IMPLICIT_R
gad_init_fixed.f.xml,GAD_INIT_FIXED
gad_init_varia.f.xml,GAD_INIT_VARIA
gad_os7mp_adv_r.f.xml,GAD_OS7MP_ADV_R
gad_os7mp_adv_x.f.xml,GAD_OS7MP_ADV_X
gad_os7mp_adv_y.f.xml,GAD_OS7MP_ADV_Y
gad_osc_hat_r.f.xml,GAD_OSC_HAT_R
gad_osc_hat_r.f.xml,GAD_OSC_LOC_R
gad_osc_hat_x.f.xml,GAD_OSC_LOC_X
gad_osc_hat_x.f.xml,GAD_OSC_HAT_X
gad_osc_hat_y.f.xml,GAD_OSC_HAT_Y
gad_osc_hat_y.f.xml,GAD_OSC_LOC_Y
gad_osc_mul_r.f.xml,GAD_OSC_MUL_R
gad_osc_mul_x.f.xml,GAD_OSC_MUL_X
gad_osc_mul_y.f.xml,GAD_OSC_MUL_Y
gad_plm_fun.f.xml,GAD_PLM_FUN_U
gad_plm_fun.f.xml,GAD_PLM_FUN_V
gad_ppm_adv_r.f.xml,GAD_PPM_ADV_R
gad_ppm_adv_x.f.xml,GAD_PPM_ADV_X
gad_ppm_adv_y.f.xml,GAD_PPM_ADV_Y
gad_ppm_flx_r.f.xml,GAD_PPM_FLX_R
gad_ppm_flx_x.f.xml,GAD_PPM_FLX_X
gad_ppm_flx_y.f.xml,GAD_PPM_FLX_Y
gad_ppm_fun.f.xml,GAD_PPM_FUN_MONO
gad_ppm_fun.f.xml,GAD_PPM_FUN_NULL
gad_ppm_hat_r.f.xml,GAD_PPM_HAT_R
gad_ppm_hat_x.f.xml,GAD_PPM_HAT_X
gad_ppm_hat_y.f.xml,GAD_PPM_HAT_Y
gad_ppm_p3e_r.f.xml,GAD_PPM_P3E_R
gad_ppm_p3e_x.f.xml,GAD_PPM_P3E_X
gad_ppm_p3e_y.f.xml,GAD_PPM_P3E_Y
gad_pqm_adv_r.f.xml,GAD_PQM_ADV_R
gad_pqm_adv_x.f.xml,GAD_PQM_ADV_X
gad_pqm_adv_y.f.xml,GAD_PQM_ADV_Y
gad_pqm_flx_r.f.xml,GAD_PQM_FLX_R
gad_pqm_flx_x.f.xml,GAD_PQM_FLX_X
gad_pqm_flx_y.f.xml,GAD_PQM_FLX_Y
gad_pqm_fun.f.xml,GAD_PQM_FUN_NULL
gad_pqm_fun.f.xml,GAD_PQM_FUN_MONO
gad_pqm_fun.f.xml,QUADROOT
gad_pqm_hat_r.f.xml,GAD_PQM_HAT_R
gad_pqm_hat_x.f.xml,GAD_PQM_HAT_X
gad_pqm_hat_y.f.xml,GAD_PQM_HAT_Y
gad_pqm_p5e_r.f.xml,GAD_PQM_P5E_R
gad_pqm_p5e_x.f.xml,GAD_PQM_P5E_X
gad_pqm_p5e_y.f.xml,GAD_PQM_P5E_Y
gad_read_pickup.f.xml,GAD_READ_PICKUP
gad_som_adv_r.f.xml,GAD_SOM_ADV_R
gad_som_adv_x.f.xml,GAD_SOM_ADV_X
gad_som_adv_y.f.xml,GAD_SOM_ADV_Y
gad_som_advect.f.xml,GAD_SOM_ADVECT
gad_som_exchanges.f.xml,GAD_SOM_EXCHANGES
gad_som_fill_cs_corner.f.xml,GAD_SOM_FILL_CS_CORNER
gad_som_lim_r.f.xml,GAD_SOM_LIM_R
gad_som_prep_cs_corner.f.xml,GAD_SOM_PREP_CS_CORNER
gad_u3_adv_r.f.xml,GAD_U3_ADV_R
gad_u3_adv_x.f.xml,GAD_U3_ADV_X
gad_u3_adv_y.f.xml,GAD_U3_ADV_Y
gad_u3c4_impl_r.f.xml,GAD_U3C4_IMPL_R
gad_write_pickup.f.xml,GAD_WRITE_PICKUP
gather_2d_r4.f.xml,GATHER_2D_R4
gather_2d_r8.f.xml,GATHER_2D_R8
gather_2d_wh_r4.f.xml,GATHER_2D_WH_R4
gather_2d_wh_r8.f.xml,GATHER_2D_WH_R8
gather_vec_r4.f.xml,GATHER_VEC_R4
gather_vec_r8.f.xml,GATHER_VEC_R8
gather_xz.f.xml,GATHER_XZ
gather_yz.f.xml,GATHER_YZ
get_periodic_interval.f.xml,GET_PERIODIC_INTERVAL
get_write_global_fld.f.xml,GET_WRITE_GLOBAL_FLD
global_max.f.xml,GLOBAL_MAX_R4
global_max.f.xml,GLOBAL_MAX_R8
global_sum.f.xml,GLOBAL_SUM_R8
global_sum.f.xml,GLOBAL_SUM_R4
global_sum.f.xml,GLOBAL_SUM_INT
global_sum_singlecpu.f.xml,GLOBAL_SUM_SINGLECPU_RL
global_sum_tile.f.xml,GLOBAL_SUM_TILE_RL
global_vec_sum.f.xml,GLOBAL_VEC_SUM_R4
global_vec_sum.f.xml,GLOBAL_VEC_SUM_INT
global_vec_sum.f.xml,GLOBAL_VEC_SUM_R8
grad_sigma.f.xml,GRAD_SIGMA
gsum.f.xml,GSUM_R8_INIT
gsum.f.xml,GSUM_R8
gsw_teos10.f.xml,GSW_GIBBS_PT0_PT0
gsw_teos10.f.xml,GSW_CT_FROM_PT
gsw_teos10.f.xml,GSW_PT_FROM_CT
impldiff.f.xml,IMPLDIFF
ini_cartesian_grid.f.xml,INI_CARTESIAN_GRID
ini_cg2d.f.xml,INI_CG2D
ini_cg3d.f.xml,INI_CG3D
ini_communication_patterns.f.xml,INI_COMMUNICATION_PATTERNS
ini_cori.f.xml,INI_CORI
ini_curvilinear_grid.f.xml,INI_CURVILINEAR_GRID
ini_cylinder_grid.f.xml,INI_CYLINDER_GRID
ini_depths.f.xml,INI_DEPTHS
ini_dynvars.f.xml,INI_DYNVARS
ini_eos.f.xml,EOS_CHECK
ini_eos.f.xml,INI_EOS
ini_ffields.f.xml,INI_FFIELDS
ini_fields.f.xml,INI_FIELDS
ini_forcing.f.xml,INI_FORCING
ini_global_domain.f.xml,INI_GLOBAL_DOMAIN
ini_grid.f.xml,INI_GRID
ini_linear_phisurf.f.xml,INI_LINEAR_PHISURF
ini_local_grid.f.xml,INI_LOCAL_GRID
ini_masks_etc.f.xml,INI_MASKS_ETC
ini_mixing.f.xml,INI_MIXING
ini_mnc_vars.f.xml,INI_MNC_VARS
ini_model_io.f.xml,INI_MODEL_IO
ini_nh_fields.f.xml,INI_NH_FIELDS
ini_nh_vars.f.xml,INI_NH_VARS
ini_nlfs_vars.f.xml,INI_NLFS_VARS
ini_p_ground.f.xml,INI_P_GROUND
ini_p_ground.f.xml,ANALYLIC_THETA
ini_parms.f.xml,INI_PARMS
ini_pressure.f.xml,INI_PRESSURE
ini_procs.f.xml,INI_PROCS
ini_psurf.f.xml,INI_PSURF
ini_salt.f.xml,INI_SALT
ini_sigma_hfac.f.xml,INI_SIGMA_HFAC
ini_spherical_polar_grid.f.xml,INI_SPHERICAL_POLAR_GRID
ini_theta.f.xml,INI_THETA
ini_threading_environment.f.xml,INI_THREADING_ENVIRONMENT
ini_vel.f.xml,INI_VEL
ini_vertical_grid.f.xml,INI_VERTICAL_GRID
initialise_fixed.f.xml,INITIALISE_FIXED
initialise_varia.f.xml,INITIALISE_VARIA
integr_continuity.f.xml,INTEGR_CONTINUITY
integrate_for_w.f.xml,INTEGRATE_FOR_W
kpp_calc.f.xml,KPP_CALC
kpp_calc.f.xml,KPP_CALC_DUMMY
kpp_calc_diff_ptr.f.xml,KPP_CALC_DIFF_PTR
kpp_calc_diff_s.f.xml,KPP_CALC_DIFF_S
kpp_calc_diff_t.f.xml,KPP_CALC_DIFF_T
kpp_calc_visc.f.xml,KPP_CALC_VISC
kpp_check.f.xml,KPP_CHECK
kpp_diagnostics_init.f.xml,KPP_DIAGNOSTICS_INIT
kpp_do_exch.f.xml,KPP_DO_EXCH
kpp_forcing_surf.f.xml,KPP_FORCING_SURF
kpp_init_fixed.f.xml,KPP_INIT_FIXED
kpp_init_varia.f.xml,KPP_INIT_VARIA
kpp_output.f.xml,KPP_OUTPUT
kpp_readparms.f.xml,KPP_READPARMS
kpp_routines.f.xml,wscale
kpp_routines.f.xml,KPP_DOUBLEDIFF
kpp_routines.f.xml,STATEKPP
kpp_routines.f.xml,blmix
kpp_routines.f.xml,smooth_horiz
kpp_routines.f.xml,bldepth
kpp_routines.f.xml,KPPMIX
kpp_routines.f.xml,Ri_iwmix
kpp_routines.f.xml,z121
kpp_routines.f.xml,enhance
kpp_transport_ptr.f.xml,KPP_TRANSPORT_PTR
kpp_transport_s.f.xml,KPP_TRANSPORT_S
kpp_transport_t.f.xml,KPP_TRANSPORT_T
lef_zero.f.xml,LEF_ZERO
load_fields_driver.f.xml,LOAD_FIELDS_DRIVER
load_grid_spacing.f.xml,LOAD_GRID_SPACING
load_ref_files.f.xml,LOAD_REF_FILES
lsr.f.xml,lsr
main.f.xml,PTREENTRY
main_do_loop.f.xml,MAIN_DO_LOOP
master_cpu_io.f.xml,MASTER_CPU_IO
master_cpu_thread.f.xml,MASTER_CPU_THREAD
mds_byteswapi4.f.xml,MDS_BYTESWAPI4
mds_byteswapr4.f.xml,MDS_BYTESWAPR4
mds_byteswapr8.f.xml,MDS_BYTESWAPR8
mds_flush.f.xml,MDS_FLUSH
mds_reclen.f.xml,MDS_RECLEN
mdsfindunit.f.xml,MDSFINDUNIT
mdsio_buffertorl.f.xml,MDS_BUFFERtoRL
mdsio_buffertors.f.xml,MDS_BUFFERtoRS
mdsio_check4file.f.xml,MDS_CHECK4FILE
mdsio_facef_read.f.xml,MDS_FACEF_READ_RS
mdsio_gl.f.xml,MDSREADFIELD_2D_GL
mdsio_gl.f.xml,MDSWRITEFIELD_3D_GL
mdsio_gl.f.xml,MDSREADFIELD_3D_GL
mdsio_gl.f.xml,MDSWRITEFIELD_2D_GL
mdsio_gl_slice.f.xml,MDSREADFIELD_XZ_GL
mdsio_gl_slice.f.xml,MDSREADFIELD_YZ_GL
mdsio_gl_slice.f.xml,MDSWRITEFIELD_XZ_GL
mdsio_gl_slice.f.xml,MDSWRITEFIELD_YZ_GL
mdsio_pass_r4torl.f.xml,MDS_PASS_R4toRL
mdsio_pass_r4tors.f.xml,MDS_PASS_R4toRS
mdsio_pass_r8torl.f.xml,MDS_PASS_R8toRL
mdsio_pass_r8tors.f.xml,MDS_PASS_R8toRS
mdsio_rd_rec_rl.f.xml,MDS_RD_REC_RL
mdsio_rd_rec_rs.f.xml,MDS_RD_REC_RS
mdsio_read_field.f.xml,MDS_READ_FIELD
mdsio_read_meta.f.xml,MDS_READ_META
mdsio_read_section.f.xml,MDS_READ_SEC_XZ
mdsio_read_section.f.xml,MDS_READ_SEC_YZ
mdsio_read_tape.f.xml,MDS_READ_TAPE
mdsio_read_whalos.f.xml,mds_read_whalos
mdsio_readvec_loc.f.xml,MDS_READVEC_LOC
mdsio_rw_field.f.xml,MDSREADFIELD_LOC
mdsio_rw_field.f.xml,MDSWRITEFIELD
mdsio_rw_field.f.xml,MDSWRITEFIELD_LOC
mdsio_rw_field.f.xml,MDSREADFIELD
mdsio_rw_slice.f.xml,MDSREADFIELDYZ_LOC
mdsio_rw_slice.f.xml,MDSWRITEFIELDYZ_LOC
mdsio_rw_slice.f.xml,MDSREADFIELDXZ
mdsio_rw_slice.f.xml,MDSREADFIELDYZ
mdsio_rw_slice.f.xml,MDSWRITEFIELDYZ
mdsio_rw_slice.f.xml,MDSWRITEFIELDXZ
mdsio_rw_slice.f.xml,MDSWRITEFIELDXZ_LOC
mdsio_rw_slice.f.xml,MDSREADFIELDXZ_LOC
mdsio_seg4torl.f.xml,MDS_SEG4toRL
mdsio_seg4tors.f.xml,MDS_SEG4toRS
mdsio_seg8torl.f.xml,MDS_SEG8toRL
mdsio_seg8tors.f.xml,MDS_SEG8toRS
mdsio_segxtorx_2d.f.xml,MDS_SEG4toRS_2D
mdsio_segxtorx_2d.f.xml,MDS_SEG8toRL_2D
mdsio_segxtorx_2d.f.xml,MDS_SEG4toRL_2D
mdsio_segxtorx_2d.f.xml,MDS_SEG8toRS_2D
mdsio_wr_metafiles.f.xml,MDS_WR_METAFILES
mdsio_wr_rec_rl.f.xml,MDS_WR_REC_RL
mdsio_wr_rec_rs.f.xml,MDS_WR_REC_RS
mdsio_write_field.f.xml,MDS_WRITE_FIELD
mdsio_write_meta.f.xml,MDS_WRITE_META
mdsio_write_section.f.xml,MDS_WRITE_SEC_XZ
mdsio_write_section.f.xml,MDS_WRITE_SEC_YZ
mdsio_write_tape.f.xml,MDS_WRITE_TAPE
mdsio_write_whalos.f.xml,mds_write_whalos
mdsio_writelocal.f.xml,MDS_WRITELOCAL
mdsio_writevec_loc.f.xml,MDS_WRITEVEC_LOC
memsync.f.xml,MEMSYNC
mom_calc_3d_strain.f.xml,MOM_CALC_3D_STRAIN
mom_calc_absvort3.f.xml,MOM_CALC_ABSVORT3
mom_calc_hdiv.f.xml,MOM_CALC_HDIV
mom_calc_hfacz.f.xml,MOM_CALC_HFACZ
mom_calc_ke.f.xml,MOM_CALC_KE
mom_calc_relvort3.f.xml,MOM_CALC_RELVORT3
mom_calc_rtrans.f.xml,MOM_CALC_RTRANS
mom_calc_smag_3d.f.xml,MOM_CALC_SMAG_3D
mom_calc_strain.f.xml,MOM_CALC_STRAIN
mom_calc_tension.f.xml,MOM_CALC_TENSION
mom_calc_visc.f.xml,MOM_CALC_VISC
mom_diagnostics_init.f.xml,MOM_DIAGNOSTICS_INIT
mom_fluxform.f.xml,MOM_FLUXFORM
mom_hdissip.f.xml,MOM_HDISSIP
mom_init_fixed.f.xml,MOM_INIT_FIXED
mom_quasihydrostatic.f.xml,MOM_QUASIHYDROSTATIC
mom_u_adv_uu.f.xml,MOM_U_ADV_UU
mom_u_adv_vu.f.xml,MOM_U_ADV_VU
mom_u_adv_wu.f.xml,MOM_U_ADV_WU
mom_u_botdrag_coeff.f.xml,MOM_U_BOTDRAG_COEFF
mom_u_coriolis.f.xml,MOM_U_CORIOLIS
mom_u_coriolis_nh.f.xml,MOM_U_CORIOLIS_NH
mom_u_del2u.f.xml,MOM_U_DEL2U
mom_u_implicit_r.f.xml,MOM_U_IMPLICIT_R
mom_u_metric_cylinder.f.xml,MOM_U_METRIC_CYLINDER
mom_u_metric_nh.f.xml,MOM_U_METRIC_NH
mom_u_metric_sphere.f.xml,MOM_U_METRIC_SPHERE
mom_u_rviscflux.f.xml,MOM_U_RVISCFLUX
mom_u_sidedrag.f.xml,MOM_U_SIDEDRAG
mom_u_xviscflux.f.xml,MOM_U_XVISCFLUX
mom_u_yviscflux.f.xml,MOM_U_YVISCFLUX
mom_uv_boundary.f.xml,MOM_UV_BOUNDARY
mom_uv_smag_3d.f.xml,MOM_UV_SMAG_3D
mom_v_adv_uv.f.xml,MOM_V_ADV_UV
mom_v_adv_vv.f.xml,MOM_V_ADV_VV
mom_v_adv_wv.f.xml,MOM_V_ADV_WV
mom_v_botdrag_coeff.f.xml,MOM_V_BOTDRAG_COEFF
mom_v_coriolis.f.xml,MOM_V_CORIOLIS
mom_v_coriolis_nh.f.xml,MOM_V_CORIOLIS_NH
mom_v_del2v.f.xml,MOM_V_DEL2V
mom_v_implicit_r.f.xml,MOM_V_IMPLICIT_R
mom_v_metric_cylinder.f.xml,MOM_V_METRIC_CYLINDER
mom_v_metric_nh.f.xml,MOM_V_METRIC_NH
mom_v_metric_sphere.f.xml,MOM_V_METRIC_SPHERE
mom_v_rviscflux.f.xml,MOM_V_RVISCFLUX
mom_v_sidedrag.f.xml,MOM_V_SIDEDRAG
mom_v_xviscflux.f.xml,MOM_V_XVISCFLUX
mom_v_yviscflux.f.xml,MOM_V_YVISCFLUX
mom_vecinv.f.xml,MOM_VECINV
mom_vi_coriolis.f.xml,MOM_VI_CORIOLIS
mom_vi_del2uv.f.xml,MOM_VI_DEL2UV
mom_vi_hdissip.f.xml,MOM_VI_HDISSIP
mom_vi_u_coriolis.f.xml,MOM_VI_U_CORIOLIS
mom_vi_u_coriolis_c4.f.xml,MOM_VI_U_CORIOLIS_C4
mom_vi_u_grad_ke.f.xml,MOM_VI_U_GRAD_KE
mom_vi_u_vertshear.f.xml,MOM_VI_U_VERTSHEAR
mom_vi_v_coriolis.f.xml,MOM_VI_V_CORIOLIS
mom_vi_v_coriolis_c4.f.xml,MOM_VI_V_CORIOLIS_C4
mom_vi_v_grad_ke.f.xml,MOM_VI_V_GRAD_KE
mom_vi_v_vertshear.f.xml,MOM_VI_V_VERTSHEAR
mom_visc_qgl_limit.f.xml,MOM_VISC_QGL_LIMIT
mom_visc_qgl_stretch.f.xml,MOM_VISC_QGL_STRETCH
mom_w_coriolis_nh.f.xml,MOM_W_CORIOLIS_NH
mom_w_metric_nh.f.xml,MOM_W_METRIC_NH
mom_w_sidedrag.f.xml,MOM_W_SIDEDRAG
mom_w_smag_3d.f.xml,MOM_W_SMAG_3D
momentum_correction_step.f.xml,MOMENTUM_CORRECTION_STEP
mon_advcfl.f.xml,MON_ADVCFL
mon_advcflw.f.xml,MON_ADVCFLW
mon_advcflw2.f.xml,MON_ADVCFLW2
mon_calc_advcfl.f.xml,MON_CALC_ADVCFL_TILE
mon_calc_advcfl.f.xml,MON_CALC_ADVCFL_GLOB
mon_calc_stats_rl.f.xml,MON_CALC_STATS_RL
mon_calc_stats_rs.f.xml,MON_CALC_STATS_RS
mon_init.f.xml,MON_INIT
mon_ke.f.xml,MON_KE
mon_out.f.xml,MON_OUT_I
mon_out.f.xml,MON_OUT_RS
mon_out.f.xml,MON_OUT_RL
mon_out.f.xml,MON_OUT_ALL
mon_printstats_rl.f.xml,MON_PRINTSTATS_RL
mon_printstats_rs.f.xml,MON_PRINTSTATS_RS
mon_set_iounit.f.xml,MON_SET_IOUNIT
mon_set_pref.f.xml,MON_SET_PREF
mon_solution.f.xml,MON_SOLUTION
mon_stats_latbnd_rl.f.xml,NLATBND
mon_stats_latbnd_rl.f.xml,MON_STATS_LATBND_RL
mon_stats_rl.f.xml,MON_STATS_RL
mon_stats_rs.f.xml,MON_STATS_RS
mon_surfcor.f.xml,MON_SURFCOR
mon_vort3.f.xml,MON_VORT3
mon_writestats_rl.f.xml,MON_WRITESTATS_RL
mon_writestats_rs.f.xml,MON_WRITESTATS_RS
monitor.f.xml,MONITOR
monitor_ad.f.xml,ADMONITOR
monitor_g.f.xml,G_MONITOR
nml_change_syntax.f.xml,NML_CHANGE_SYNTAX
nml_set_terminator.f.xml,NML_SET_TERMINATOR
open_copy_data_file.f.xml,OPEN_COPY_DATA_FILE
ostres.f.xml,ostres
packages_boot.f.xml,PACKAGES_BOOT
packages_check.f.xml,PACKAGES_CHECK
packages_error_msg.f.xml,PACKAGES_ERROR_MSG
packages_init_fixed.f.xml,PACKAGES_INIT_FIXED
packages_init_variables.f.xml,PACKAGES_INIT_VARIABLES
packages_print_msg.f.xml,PACKAGES_PRINT_MSG
packages_readparms.f.xml,PACKAGES_READPARMS
packages_unused_msg.f.xml,PACKAGES_UNUSED_MSG
packages_write_pickup.f.xml,PACKAGES_WRITE_PICKUP
plot_field.f.xml,PLOT_FIELD_XYRS
plot_field.f.xml,PLOT_FIELD_YZRS
plot_field.f.xml,PLOT_FIELD_XZRS
plot_field.f.xml,PLOT_FIELD_XYZRS
plot_field.f.xml,PLOT_FIELD_YZRL
plot_field.f.xml,PLOT_FIELD_XZRL
plot_field.f.xml,PLOT_FIELD_XYRL
plot_field.f.xml,PLOT_FIELD_XYZRL
port_rand.f.xml,PORT_RAND
port_rand.f.xml,PORT_RANARR
port_rand.f.xml,PORT_RAND_NORM
post_cg3d.f.xml,POST_CG3D
pre_cg3d.f.xml,PRE_CG3D
pressure_for_eos.f.xml,PRESSURE_FOR_EOS
print.f.xml,PRINT_LIST_RL
print.f.xml,PRINT_LIST_L
print.f.xml,PRINT_LIST_I
print.f.xml,PRINT_MAPRL
print.f.xml,PRINT_MAPRS
print.f.xml,PRINT_ERROR
print.f.xml,PRINT_MESSAGE
read_fld_xy_rl.f.xml,READ_FLD_XY_RL
read_fld_xy_rs.f.xml,READ_FLD_XY_RS
read_fld_xyz_rl.f.xml,READ_FLD_XYZ_RL
read_fld_xyz_rs.f.xml,READ_FLD_XYZ_RS
read_glvec_rl.f.xml,READ_GLVEC_RL
read_glvec_rs.f.xml,READ_GLVEC_RS
read_mflds.f.xml,READ_MFLDS_LEV_RL
read_mflds.f.xml,READ_MFLDS_SET
read_mflds.f.xml,READ_MFLDS_3D_RL
read_mflds.f.xml,READ_MFLDS_INIT
read_mflds.f.xml,READ_MFLDS_CHECK
read_mflds.f.xml,READ_MFLDS_LEV_RS
read_mflds.f.xml,READ_MFLDS_RENAME
read_pickup.f.xml,READ_PICKUP
read_rec.f.xml,READ_REC_3D_RL
read_rec.f.xml,READ_REC_YZ_RL
read_rec.f.xml,READ_REC_XY_RL
read_rec.f.xml,READ_REC_XY_RS
read_rec.f.xml,READ_REC_XZ_RS
read_rec.f.xml,READ_REC_LEV_RS
read_rec.f.xml,READ_REC_YZ_RS
read_rec.f.xml,READ_REC_3D_RS
read_rec.f.xml,READ_REC_LEV_RL
read_rec.f.xml,READ_REC_XYZ_RS
read_rec.f.xml,READ_REC_XYZ_RL
read_rec.f.xml,READ_REC_XZ_RL
remove_mean.f.xml,REMOVE_MEAN_RS
remove_mean.f.xml,REMOVE_MEAN_RL
reset_halo.f.xml,RESET_HALO_RL
reset_halo.f.xml,RESET_HALO_RS
reset_nlfs_vars.f.xml,RESET_NLFS_VARS
rotate_spherical_polar_grid.f.xml,ROTATE_SPHERICAL_POLAR_GRID
rotate_uv2en.f.xml,rotate_uv2en_rs
rotate_uv2en.f.xml,rotate_uv2en_rl
rw_get_suffix.f.xml,RW_GET_SUFFIX
salt_fill.f.xml,SALT_FILL
salt_integrate.f.xml,SALT_INTEGRATE
scatter_2d_r4.f.xml,SCATTER_2D_R4
scatter_2d_r8.f.xml,SCATTER_2D_R8
scatter_2d_wh_r4.f.xml,SCATTER_2D_WH_R4
scatter_2d_wh_r8.f.xml,SCATTER_2D_WH_R8
scatter_vec_r4.f.xml,SCATTER_VEC_R4
scatter_vec_r8.f.xml,SCATTER_VEC_R8
scatter_xz.f.xml,SCATTER_XZ
scatter_yz.f.xml,SCATTER_YZ
seaice_ad_dump.f.xml,seaice_ad_dump
seaice_advdiff.f.xml,SEAICE_ADVDIFF
seaice_advection.f.xml,SEAICE_ADVECTION
seaice_bottomdrag_coeffs.f.xml,SEAICE_BOTTOMDRAG_COEFFS
seaice_budget_ocean.f.xml,SEAICE_BUDGET_OCEAN
seaice_calc_ice_strength.f.xml,SEAICE_CALC_ICE_STRENGTH
seaice_calc_lhs.f.xml,SEAICE_CALC_LHS
seaice_calc_residual.f.xml,SEAICE_CALC_RESIDUAL
seaice_calc_rhs.f.xml,SEAICE_CALC_RHS
seaice_calc_strainrates.f.xml,SEAICE_CALC_STRAINRATES
seaice_calc_stressdiv.f.xml,SEAICE_CALC_STRESSDIV
seaice_calc_stressdiv.f.xml,SEAICE_CALC_STRESS
seaice_calc_viscosities.f.xml,SEAICE_CALC_VISCOSITIES
seaice_check.f.xml,SEAICE_CHECK
seaice_check_pickup.f.xml,SEAICE_CHECK_PICKUP
seaice_cost_accumulate_mean.f.xml,SEAICE_COST_ACCUMULATE_MEAN
seaice_cost_areasst.f.xml,seaice_cost_areasst
seaice_cost_concentration.f.xml,seaice_cost_concentration
seaice_cost_driver.f.xml,seaice_cost_driver
seaice_cost_export.f.xml,seaice_cost_export
seaice_cost_final.f.xml,SEAICE_COST_FINAL
seaice_cost_init_fixed.f.xml,seaice_cost_init_fixed
seaice_cost_init_varia.f.xml,seaice_cost_init_varia
seaice_cost_sensi.f.xml,seaice_cost_sensi
seaice_cost_sss.f.xml,seaice_cost_sss
seaice_cost_sst.f.xml,seaice_cost_sst
seaice_cost_weights.f.xml,seaice_cost_weights
seaice_ctrl_map_ini.f.xml,seaice_ctrl_map_ini
seaice_diagnostics_init.f.xml,SEAICE_DIAGNOSTICS_INIT
seaice_diagnostics_init.f.xml,SEAICE_DIAG_SUFX
seaice_diagnostics_state.f.xml,SEAICE_DIAGNOSTICS_STATE
seaice_diffusion.f.xml,SEAICE_DIFFUSION
seaice_do_ridging.f.xml,SEAICE_DO_RIDGING
seaice_dynsolver.f.xml,SEAICE_DYNSOLVER
seaice_evp.f.xml,SEAICE_EVP
seaice_fake.f.xml,SEAICE_FAKE
seaice_fgmres.f.xml,SEAICE_SCALPROD
seaice_fgmres.f.xml,SEAICE_MAP2VEC
seaice_fgmres.f.xml,SEAICE_MAP_RS2VEC
seaice_fgmres.f.xml,SEAICE_FGMRES
seaice_freedrift.f.xml,SEAICE_FREEDRIFT
seaice_get_dynforcing.f.xml,SEAICE_GET_DYNFORCING
seaice_growth.f.xml,SEAICE_GROWTH
seaice_growth_adx.f.xml,SEAICE_GROWTH_ADX
seaice_init_fixed.f.xml,SEAICE_INIT_FIXED
seaice_init_varia.f.xml,SEAICE_INIT_VARIA
seaice_itd_pickup.f.xml,SEAICE_ITD_PICKUP
seaice_itd_redist.f.xml,SEAICE_ITD_REDIST
seaice_itd_remap.f.xml,SEAICE_ITD_REMAP
seaice_itd_sum.f.xml,SEAICE_ITD_SUM
seaice_jacvec.f.xml,SEAICE_JACVEC
seaice_jfnk.f.xml,SEAICE_JFNK_UPDATE
seaice_jfnk.f.xml,SEAICE_JFNK
seaice_krylov.f.xml,SEAICE_KRYLOV
seaice_lsr.f.xml,SEAICE_LSR_RHSV
seaice_lsr.f.xml,SEAICE_RESIDUAL
seaice_lsr.f.xml,SEAICE_LSR_CALC_COEFFS
seaice_lsr.f.xml,SEAICE_LSR_TRIDIAGV
seaice_lsr.f.xml,SEAICE_LSR_TRIDIAGU
seaice_lsr.f.xml,SEAICE_LSR
seaice_lsr.f.xml,SEAICE_LSR_RHSU
seaice_map_thsice.f.xml,SEAICE_MAP_THSICE
seaice_mnc_init.f.xml,SEAICE_MNC_INIT
seaice_model.f.xml,SEAICE_MODEL
seaice_mom_advection.f.xml,SEAICE_MOM_ADVECTION
seaice_monitor.f.xml,SEAICE_MONITOR
seaice_monitor_ad.f.xml,ADSEAICE_MONITOR
seaice_obcs_output.f.xml,SEAICE_OBCS_OUTPUT
seaice_ocean_stress.f.xml,SEAICE_OCEAN_STRESS
seaice_oceandrag_coeffs.f.xml,SEAICE_OCEANDRAG_COEFFS
seaice_output.f.xml,SEAICE_OUTPUT
seaice_preconditioner.f.xml,SEAICE_PRECOND_RHSV
seaice_preconditioner.f.xml,SEAICE_PRECOND_RHSU
seaice_preconditioner.f.xml,SEAICE_PRECONDITIONER
seaice_prepare_ridging.f.xml,SEAICE_PREPARE_RIDGING
seaice_read_pickup.f.xml,SEAICE_READ_PICKUP
seaice_readparms.f.xml,SEAICE_READPARMS
seaice_reg_ridge.f.xml,SEAICE_REG_RIDGE
seaice_solve4temp.f.xml,SEAICE_SOLVE4TEMP
seaice_summary.f.xml,SEAICE_SUMMARY
seaice_tracer_phys.f.xml,SEAICE_TRACER_PHYS
seaice_turnoff_io.f.xml,SEAICE_TURNOFF_IO
seaice_write_pickup.f.xml,SEAICE_WRITE_PICKUP
seawater.f.xml,SW_TEMP
seawater.f.xml,SW_ADTG
seawater.f.xml,SW_PTMP
set_defaults.f.xml,SET_DEFAULTS
set_grid_factors.f.xml,SET_GRID_FACTORS
set_parms.f.xml,SET_PARMS
set_ref_state.f.xml,SET_REF_STATE
set_write_global_fld.f.xml,SET_WRITE_GLOBAL_FLD
solve_for_pressure.f.xml,SOLVE_FOR_PRESSURE
solve_pentadiagonal.f.xml,SOLVE_PENTADIAGONAL
solve_tridiagonal.f.xml,SOLVE_TRIDIAGONAL
solve_uv_tridiago.f.xml,SOLVE_UV_TRIDIAGO
state_summary.f.xml,STATE_SUMMARY
stop_if_error.f.xml,STOP_IF_ERROR
swfrac.f.xml,SWFRAC
taueddy_init_varia.f.xml,TAUEDDY_INIT_VARIA
taueddy_tendency_apply.f.xml,TAUEDDY_TENDENCY_APPLY_U
taueddy_tendency_apply.f.xml,TAUEDDY_TENDENCY_APPLY_V
temp_integrate.f.xml,TEMP_INTEGRATE
the_main_loop.f.xml,THE_MAIN_LOOP
the_model_main.f.xml,THE_MODEL_MAIN
thermodynamics.f.xml,THERMODYNAMICS
timers.f.xml,TIMER_STOP
timers.f.xml,TIMER_CONTROL
timers.f.xml,TIMER_GET_TIME
timers.f.xml,TIMER_PRINTALL
timers.f.xml,TIMER_INDEX
timers.f.xml,TIMER_START
timestep.f.xml,TIMESTEP
timestep_tracer.f.xml,TIMESTEP_TRACER
timestep_wvel.f.xml,TIMESTEP_WVEL
tracers_correction_step.f.xml,TRACERS_CORRECTION_STEP
tracers_iigw_correction.f.xml,TRACERS_IIGW_CORRECTION
turnoff_model_io.f.xml,TURNOFF_MODEL_IO
update_cg2d.f.xml,UPDATE_CG2D
update_etah.f.xml,UPDATE_ETAH
update_etaws.f.xml,UPDATE_ETAWS
update_masks_etc.f.xml,UPDATE_MASKS_ETC
update_r_star.f.xml,UPDATE_R_STAR
update_sigma.f.xml,UPDATE_SIGMA
update_surf_dr.f.xml,UPDATE_SURF_DR
utils.f.xml,DATE
utils.f.xml,LCASE
utils.f.xml,ILNBLNK
utils.f.xml,UCASE
utils.f.xml,IO_ERRCOUNT
utils.f.xml,MACHINE
utils.f.xml,IFNBLNK
write_fld_3d_rl.f.xml,WRITE_FLD_3D_RL
write_fld_3d_rs.f.xml,WRITE_FLD_3D_RS
write_fld_s3d_rl.f.xml,WRITE_FLD_S3D_RL
write_fld_s3d_rs.f.xml,WRITE_FLD_S3D_RS
write_fld_xy_rl.f.xml,WRITE_FLD_XY_RL
write_fld_xy_rs.f.xml,WRITE_FLD_XY_RS
write_fld_xyz_rl.f.xml,WRITE_FLD_XYZ_RL
write_fld_xyz_rs.f.xml,WRITE_FLD_XYZ_RS
write_fullarray_rl.f.xml,WRITE_FULLARRAY_RL
write_fullarray_rs.f.xml,WRITE_FULLARRAY_RS
write_glvec_rl.f.xml,WRITE_GLVEC_RL
write_glvec_rs.f.xml,WRITE_GLVEC_RS
write_grid.f.xml,WRITE_GRID
write_local_rl.f.xml,WRITE_LOCAL_RL
write_local_rs.f.xml,WRITE_LOCAL_RS
write_pickup.f.xml,WRITE_PICKUP
write_rec.f.xml,SET_WRITE_GLOBAL_REC
write_rec.f.xml,WRITE_REC_LEV_RS
write_rec.f.xml,SET_WRITE_GLOBAL_SEC
write_rec.f.xml,WRITE_REC_YZ_RS
write_rec.f.xml,WRITE_REC_XYZ_RL
write_rec.f.xml,WRITE_REC_3D_RL
write_rec.f.xml,WRITE_REC_XZ_RS
write_rec.f.xml,WRITE_REC_XZ_RL
write_rec.f.xml,WRITE_REC_XY_RL
write_rec.f.xml,WRITE_REC_3D_RS
write_rec.f.xml,WRITE_REC_XY_RS
write_rec.f.xml,WRITE_REC_LEV_RL
write_rec.f.xml,WRITE_REC_YZ_RL
write_rec.f.xml,WRITE_REC_XYZ_RS
write_state.f.xml,WRITE_STATE
write_utils.f.xml,WRITE_XY_YLINE_RS
write_utils.f.xml,WRITE_XY_XLINE_RS
write_utils.f.xml,WRITE_1D_RL
write_utils.f.xml,WRITE_0D_R8
write_utils.f.xml,WRITE_COPY1D_RS
write_utils.f.xml,WRITE_0D_C
write_utils.f.xml,WRITE_COPY1D_R4
write_utils.f.xml,WRITE_0D_I
write_utils.f.xml,WRITE_COPY1D_R8
write_utils.f.xml,WRITE_1D_I
write_utils.f.xml,WRITE_0D_RL
write_utils.f.xml,WRITE_1D_L
write_utils.f.xml,WRITE_0D_L
write_utils.f.xml,WRITE_0D_RS
write_utils.f.xml,WRITE_0D_R4
